Age,Severse Disease,Critical Disease,Death,Ratio,Death by Age,Severe/Critical,New Deaths by Age,New Severe/Critical
0-9,0.0001,0.00004,0.00002,6,62,372,137,822
10-19,0.0001,0.00011,0.00006,2.5,315,788,626,1565
20-29,0.011,0.0004,0.0003,37,1360,50320,2804,103748
30-39,0.034,0.00123,0.0008,43.0375,3542,152439,7395,318262
40-49,0.043,0.00214,0.0015,29.09,9324,271266,20403,593591
50-59,0.082,0.008,0.006,14,22254,311556,51786,725004
60-69,0.118,0.0275,0.022,5.61,37684,211544,94964,533093
70-79,0.166,0.06,0.051,3.43,46487,159514,123412,423473
80+,0.184,0.10333,0.093,2.09,54838,114588,141580,295841
