"Age","Impairments","Impairments.New"
"0-9",372,54
"10-19",787.5,65
"20-29",50320,4255
"30-39",152438.825,14288.45
"40-49",271266.24,28220.5333333333
"50-59",311556,35140
"60-69",211342.181818182,27254.2045454545
"70-79",159514.215686275,21703.431372549
"80+",114587.833763441,15107.5903225806
