Age,Severse Disease,Critical Disease,Death
0-9,0.0001,0.00004,0.00002
10-19,0.0001,0.00011,0.00006
20-29,0.011,0.0004,0.0003
30-39,0.034,0.00123,0.0008
40-49,0.043,0.00214,0.0015
50-59,0.082,0.008,0.006
60-69,0.118,0.0275,0.022
70-79,0.166,0.06,0.051
80+,0.184,0.10333,0.093
